policy,variance_level,trial,seed,success,path_cost,steps,planning_time_ms,replans,collisions
open_loop,0.0,0,1000000,True,19.0,19,0.279,0,0
reactive,0.0,0,1000000,True,19.0,19,0.425,1,0
belief,0.0,0,1000000,True,19.0,19,11.1694,18,0
open_loop,0.0,1,1000001,True,37.0,37,0.8248,0,0
reactive,0.0,1,1000001,True,39.0,39,3.2064,7,0
belief,0.0,1,1000001,True,41.0,41,48.0018,40,0
open_loop,0.0,2,1000002,True,6.0,6,0.0396,0,0
reactive,0.0,2,1000002,True,6.0,6,0.041,0,0
belief,0.0,2,1000002,True,6.0,6,0.4858,5,0
open_loop,0.0,3,1000003,True,30.0,30,0.6357,0,0
reactive,0.0,3,1000003,True,30.0,30,1.7686,2,0
belief,0.0,3,1000003,True,30.0,30,34.4579,29,0
open_loop,0.0,4,1000004,True,25.0,25,0.3594,0,0
reactive,0.0,4,1000004,True,27.0,27,0.8158,2,0
belief,0.0,4,1000004,True,27.0,27,25.6428,26,0
open_loop,0.0,5,1000005,True,5.0,5,0.0329,0,0
reactive,0.0,5,1000005,True,5.0,5,0.0365,0,0
belief,0.0,5,1000005,True,5.0,5,0.2299,4,0
open_loop,0.0,6,1000006,True,17.0,17,0.2413,0,0
reactive,0.0,6,1000006,True,19.0,19,0.6126,2,0
belief,0.0,6,1000006,True,17.0,17,7.9438,16,0
open_loop,0.0,7,1000007,True,22.0,22,0.2058,0,0
reactive,0.0,7,1000007,True,22.0,22,0.5128,1,0
belief,0.0,7,1000007,True,26.0,26,14.3372,25,0
open_loop,0.0,8,1000008,True,12.0,12,0.091,0,0
reactive,0.0,8,1000008,True,14.0,14,0.1903,1,0
belief,0.0,8,1000008,True,14.0,14,2.828,13,0
open_loop,0.0,9,1000009,True,21.0,21,0.2363,0,0
reactive,0.0,9,1000009,True,21.0,21,0.6233,2,0
belief,0.0,9,1000009,True,21.0,21,13.649,20,0
open_loop,0.0,10,1000010,True,19.0,19,0.1665,0,0
reactive,0.0,10,1000010,True,19.0,19,0.5128,2,0
belief,0.0,10,1000010,True,19.0,19,11.0566,18,0
open_loop,0.0,11,1000011,True,12.0,12,0.1525,0,0
reactive,0.0,11,1000011,True,12.0,12,0.3924,2,0
belief,0.0,11,1000011,True,12.0,12,2.5169,11,0
open_loop,0.0,12,1000012,True,8.0,8,0.0665,0,0
reactive,0.0,12,1000012,True,8.0,8,0.1425,1,0
belief,0.0,12,1000012,True,8.0,8,0.7307,7,0
open_loop,0.0,13,1000013,True,33.0,33,0.5379,0,0
reactive,0.0,13,1000013,True,33.0,33,1.3372,1,0
belief,0.0,13,1000013,True,33.0,33,35.5776,32,0
open_loop,0.0,14,1000014,True,19.0,19,0.1853,0,0
reactive,0.0,14,1000014,True,19.0,19,0.3426,3,0
belief,0.0,14,1000014,True,19.0,19,8.1293,18,0
open_loop,0.0,15,1000015,True,18.0,18,0.1215,0,0
reactive,0.0,15,1000015,True,18.0,18,0.131,0,0
belief,0.0,15,1000015,False,1.0,1,1.1548,1,1
open_loop,0.0,16,1000016,True,20.0,20,0.306,0,0
reactive,0.0,16,1000016,True,20.0,20,0.6083,1,0
belief,0.0,16,1000016,True,20.0,20,11.8632,19,0
open_loop,0.0,17,1000017,True,23.0,23,0.4021,0,0
reactive,0.0,17,1000017,True,23.0,23,0.7855,0,0
belief,0.0,17,1000017,True,23.0,23,14.3988,22,0
open_loop,0.0,18,1000018,True,13.0,13,0.1212,0,0
reactive,0.0,18,1000018,True,13.0,13,0.1401,0,0
belief,0.0,18,1000018,False,1.0,1,1.1927,1,1
open_loop,0.0,19,1000019,True,14.0,14,0.1732,0,0
reactive,0.0,19,1000019,True,14.0,14,0.3329,1,0
belief,0.0,19,1000019,True,14.0,14,4.671,13,0
open_loop,0.1,0,1000010,True,19.0,19,0.1686,0,0
reactive,0.1,0,1000010,True,19.0,19,0.5038,2,0
belief,0.1,0,1000010,True,19.0,19,10.5403,18,0
open_loop,0.1,1,1000011,False,4.0,4,0.1541,0,1
reactive,0.1,1,1000011,True,12.0,12,0.2779,1,0
belief,0.1,1,1000011,True,12.0,12,2.1652,11,0
open_loop,0.1,2,1000012,True,8.0,8,0.0661,0,0
reactive,0.1,2,1000012,True,8.0,8,0.139,1,0
belief,0.1,2,1000012,True,8.0,8,0.7602,7,0
open_loop,0.1,3,1000013,True,33.0,33,0.5492,0,0
reactive,0.1,3,1000013,True,33.0,33,1.3222,1,0
belief,0.1,3,1000013,True,33.0,33,49.3225,32,0
open_loop,0.1,4,1000014,True,19.0,19,0.281,0,0
reactive,0.1,4,1000014,True,19.0,19,0.2462,1,0
belief,0.1,4,1000014,True,21.0,21,13.4571,20,0
open_loop,0.1,5,1000015,True,18.0,18,0.1227,0,0
reactive,0.1,5,1000015,True,18.0,18,0.1359,0,0
belief,0.1,5,1000015,False,1.0,1,1.1804,1,1
open_loop,0.1,6,1000016,True,20.0,20,0.2603,0,0
reactive,0.1,6,1000016,True,20.0,20,0.6937,1,0
belief,0.1,6,1000016,True,20.0,20,14.3524,19,0
open_loop,0.1,7,1000017,True,23.0,23,0.4109,0,0
reactive,0.1,7,1000017,True,23.0,23,0.5415,0,0
belief,0.1,7,1000017,True,23.0,23,16.7689,22,0
open_loop,0.1,8,1000018,True,13.0,13,0.1249,0,0
reactive,0.1,8,1000018,True,13.0,13,0.1407,0,0
belief,0.1,8,1000018,False,1.0,1,1.1935,1,1
open_loop,0.1,9,1000019,True,14.0,14,0.1662,0,0
reactive,0.1,9,1000019,True,14.0,14,0.3345,1,0
belief,0.1,9,1000019,True,14.0,14,4.8143,13,0
open_loop,0.1,10,1000020,False,15.0,15,0.4581,0,1
reactive,0.1,10,1000020,True,29.0,29,1.6188,3,0
belief,0.1,10,1000020,True,27.0,27,31.2437,26,0
open_loop,0.1,11,1000021,True,31.0,31,0.5352,0,0
reactive,0.1,11,1000021,True,31.0,31,2.6816,4,0
belief,0.1,11,1000021,True,31.0,31,37.3823,30,0
open_loop,0.1,12,1000022,True,12.0,12,0.1451,0,0
reactive,0.1,12,1000022,True,12.0,12,0.2515,1,0
belief,0.1,12,1000022,True,12.0,12,2.7017,11,0
open_loop,0.1,13,1000023,True,20.0,20,0.3433,0,0
reactive,0.1,13,1000023,True,20.0,20,0.7583,1,0
belief,0.1,13,1000023,True,20.0,20,14.4634,19,0
open_loop,0.1,14,1000024,True,17.0,17,0.0785,0,0
reactive,0.1,14,1000024,True,17.0,17,0.0833,0,0
belief,0.1,14,1000024,True,17.0,17,6.2605,16,0
open_loop,0.1,15,1000025,False,4.0,4,0.0768,0,1
reactive,0.1,15,1000025,True,9.0,9,0.0774,0,0
belief,0.1,15,1000025,True,9.0,9,1.2648,8,0
open_loop,0.1,16,1000026,True,7.0,7,0.054,0,0
reactive,0.1,16,1000026,True,7.0,7,0.056,0,0
belief,0.1,16,1000026,True,7.0,7,0.6396,6,0
open_loop,0.1,17,1000027,True,8.0,8,0.0641,0,0
reactive,0.1,17,1000027,True,8.0,8,0.0697,0,0
belief,0.1,17,1000027,True,8.0,8,0.6406,7,0
open_loop,0.1,18,1000028,True,4.0,4,0.0261,0,0
reactive,0.1,18,1000028,True,4.0,4,0.026,0,0
belief,0.1,18,1000028,True,4.0,4,0.1386,3,0
open_loop,0.1,19,1000029,True,11.0,11,0.108,0,0
reactive,0.1,19,1000029,True,11.0,11,0.3525,1,0
belief,0.1,19,1000029,True,11.0,11,2.1154,10,0
open_loop,0.2,0,1000020,False,27.0,27,0.4465,0,0
reactive,0.2,0,1000020,True,29.0,29,1.1595,3,0
belief,0.2,0,1000020,True,27.0,27,29.4491,26,0
open_loop,0.2,1,1000021,False,3.0,3,0.5263,0,1
reactive,0.2,1,1000021,True,31.0,31,1.1546,2,0
belief,0.2,1,1000021,True,31.0,31,36.9751,30,0
open_loop,0.2,2,1000022,True,12.0,12,0.1545,0,0
reactive,0.2,2,1000022,True,12.0,12,0.2577,1,0
belief,0.2,2,1000022,True,12.0,12,2.8457,11,0
open_loop,0.2,3,1000023,False,6.0,6,0.3333,0,1
reactive,0.2,3,1000023,True,20.0,20,0.6914,1,0
belief,0.2,3,1000023,True,20.0,20,14.8554,19,0
open_loop,0.2,4,1000024,False,11.0,11,0.0773,0,1
reactive,0.2,4,1000024,True,18.0,18,0.1475,1,0
belief,0.2,4,1000024,True,18.0,18,5.7724,17,0
open_loop,0.2,5,1000025,True,8.0,8,0.0755,0,0
reactive,0.2,5,1000025,True,8.0,8,0.0627,0,0
belief,0.2,5,1000025,True,8.0,8,0.954,7,0
open_loop,0.2,6,1000026,False,7.0,7,0.0527,0,0
reactive,0.2,6,1000026,True,5.0,5,0.0265,0,0
belief,0.2,6,1000026,True,5.0,5,0.2354,4,0
open_loop,0.2,7,1000027,False,1.0,1,0.0628,0,1
reactive,0.2,7,1000027,True,8.0,8,0.0859,0,0
belief,0.2,7,1000027,True,8.0,8,0.6872,7,0
open_loop,0.2,8,1000028,False,0.0,0,0.0242,0,1
reactive,0.2,8,1000028,True,4.0,4,0.0219,0,0
belief,0.2,8,1000028,True,4.0,4,0.1413,3,0
open_loop,0.2,9,1000029,False,2.0,2,0.1039,0,1
reactive,0.2,9,1000029,True,12.0,12,0.1923,1,0
belief,0.2,9,1000029,True,12.0,12,2.6975,11,0
open_loop,0.2,10,1000030,False,10.0,10,0.0725,0,0
reactive,0.2,10,1000030,True,11.0,11,0.0919,0,0
belief,0.2,10,1000030,True,11.0,11,2.5345,10,0
open_loop,0.2,11,1000031,False,8.0,8,0.166,0,1
reactive,0.2,11,1000031,True,15.0,15,0.3631,1,0
belief,0.2,11,1000031,True,15.0,15,5.573,14,0
open_loop,0.2,12,1000032,False,2.0,2,0.0343,0,1
reactive,0.2,12,1000032,True,8.0,8,0.0374,0,0
belief,0.2,12,1000032,True,8.0,8,0.5749,7,0
open_loop,0.2,13,1000033,True,2.0,2,0.0144,0,0
reactive,0.2,13,1000033,True,2.0,2,0.0152,0,0
belief,0.2,13,1000033,True,2.0,2,0.0297,1,0
open_loop,0.2,14,1000034,False,3.0,3,0.0225,0,0
reactive,0.2,14,1000034,True,4.0,4,0.0324,0,0
belief,0.2,14,1000034,True,4.0,4,0.1465,3,0
open_loop,0.2,15,1000035,False,1.0,1,0.1148,0,1
reactive,0.2,15,1000035,True,14.0,14,0.4281,1,0
belief,0.2,15,1000035,True,14.0,14,3.9287,13,0
open_loop,0.2,16,1000036,False,2.0,2,0.2504,0,1
reactive,0.2,16,1000036,True,22.0,22,0.2678,0,0
belief,0.2,16,1000036,True,24.0,24,17.6818,23,0
open_loop,0.2,17,1000037,False,6.0,6,0.178,0,1
reactive,0.2,17,1000037,True,16.0,16,0.3121,2,0
belief,0.2,17,1000037,True,18.0,18,6.2593,17,0
open_loop,0.2,18,1000038,False,4.0,4,0.395,0,1
reactive,0.2,18,1000038,True,25.0,25,1.2383,3,0
belief,0.2,18,1000038,True,25.0,25,22.1404,24,0
open_loop,0.2,19,1000039,False,9.0,9,0.4219,0,1
reactive,0.2,19,1000039,True,16.0,16,0.4444,1,0
belief,0.2,19,1000039,True,16.0,16,7.7835,15,0
open_loop,0.3,0,1000030,False,10.0,10,0.0731,0,0
reactive,0.3,0,1000030,True,11.0,11,0.0935,0,0
belief,0.3,0,1000030,True,11.0,11,2.4774,10,0
open_loop,0.3,1,1000031,False,8.0,8,0.1655,0,1
reactive,0.3,1,1000031,True,15.0,15,0.3621,1,0
belief,0.3,1,1000031,True,15.0,15,5.4235,14,0
open_loop,0.3,2,1000032,False,2.0,2,0.0322,0,1
reactive,0.3,2,1000032,True,10.0,10,0.1047,1,0
belief,0.3,2,1000032,True,10.0,10,0.8836,9,0
open_loop,0.3,3,1000033,True,2.0,2,0.016,0,0
reactive,0.3,3,1000033,True,2.0,2,0.023,0,0
belief,0.3,3,1000033,True,2.0,2,0.0343,1,0
open_loop,0.3,4,1000034,False,3.0,3,0.0275,0,0
reactive,0.3,4,1000034,True,4.0,4,0.0332,0,0
belief,0.3,4,1000034,True,4.0,4,0.1475,3,0
open_loop,0.3,5,1000035,False,1.0,1,0.1161,0,1
reactive,0.3,5,1000035,True,14.0,14,0.3329,1,0
belief,0.3,5,1000035,True,14.0,14,3.9456,13,0
open_loop,0.3,6,1000036,False,2.0,2,0.2536,0,1
reactive,0.3,6,1000036,True,22.0,22,0.3943,1,0
belief,0.3,6,1000036,True,24.0,24,17.3138,23,0
open_loop,0.3,7,1000037,False,6.0,6,0.1793,0,1
reactive,0.3,7,1000037,True,16.0,16,0.3173,2,0
belief,0.3,7,1000037,True,18.0,18,6.1694,17,0
open_loop,0.3,8,1000038,False,4.0,4,0.4001,0,1
reactive,0.3,8,1000038,True,25.0,25,1.2416,3,0
belief,0.3,8,1000038,True,25.0,25,22.1781,24,0
open_loop,0.3,9,1000039,False,9.0,9,0.258,0,1
reactive,0.3,9,1000039,True,16.0,16,0.4166,1,0
belief,0.3,9,1000039,True,16.0,16,7.8387,15,0
open_loop,0.3,10,1000040,False,1.0,1,0.1178,0,1
reactive,0.3,10,1000040,True,14.0,14,0.2525,1,0
belief,0.3,10,1000040,True,14.0,14,4.6219,13,0
open_loop,0.3,11,1000041,False,9.0,9,0.3304,0,1
reactive,0.3,11,1000041,True,25.0,25,1.1378,3,0
belief,0.3,11,1000041,True,25.0,25,18.7919,24,0
open_loop,0.3,12,1000042,False,1.0,1,0.0585,0,1
reactive,0.3,12,1000042,True,6.0,6,0.0457,0,0
belief,0.3,12,1000042,True,6.0,6,0.2763,5,0
open_loop,0.3,13,1000043,False,7.0,7,0.2132,0,1
reactive,0.3,13,1000043,True,16.0,16,0.3007,2,0
belief,0.3,13,1000043,True,16.0,16,6.3496,15,0
open_loop,0.3,14,1000044,False,6.0,6,0.0419,0,0
reactive,0.3,14,1000044,True,8.0,8,0.0793,0,0
belief,0.3,14,1000044,True,8.0,8,0.9671,7,0
open_loop,0.3,15,1000045,False,5.0,5,0.4547,0,1
reactive,0.3,15,1000045,True,30.0,30,1.5318,3,0
belief,0.3,15,1000045,True,28.0,28,25.9653,27,0
open_loop,0.3,16,1000046,False,0.0,0,0.1928,0,1
reactive,0.3,16,1000046,True,22.0,22,0.3164,2,0
belief,0.3,16,1000046,True,22.0,22,13.34,21,0
open_loop,0.3,17,1000047,False,0.0,0,0.0984,0,1
reactive,0.3,17,1000047,True,14.0,14,0.1547,1,0
belief,0.3,17,1000047,True,14.0,14,4.189,13,0
open_loop,0.3,18,1000048,False,11.0,11,0.2334,0,1
reactive,0.3,18,1000048,True,20.0,20,0.7539,2,0
belief,0.3,18,1000048,True,20.0,20,9.9225,19,0
open_loop,0.3,19,1000049,False,4.0,4,0.049,0,1
reactive,0.3,19,1000049,True,11.0,11,0.118,0,0
belief,0.3,19,1000049,True,11.0,11,1.6446,10,0
open_loop,0.4,0,1000040,False,1.0,1,0.1178,0,1
reactive,0.4,0,1000040,True,14.0,14,0.2583,1,0
belief,0.4,0,1000040,True,14.0,14,4.5595,13,0
open_loop,0.4,1,1000041,False,9.0,9,0.319,0,1
reactive,0.4,1,1000041,True,25.0,25,1.0742,3,0
belief,0.4,1,1000041,True,25.0,25,18.3629,24,0
open_loop,0.4,2,1000042,False,0.0,0,0.0455,0,1
reactive,0.4,2,1000042,True,6.0,6,0.0415,0,0
belief,0.4,2,1000042,True,6.0,6,0.2912,5,0
open_loop,0.4,3,1000043,False,7.0,7,0.2122,0,1
reactive,0.4,3,1000043,True,16.0,16,0.468,2,0
belief,0.4,3,1000043,True,16.0,16,5.8443,15,0
open_loop,0.4,4,1000044,False,6.0,6,0.0427,0,0
reactive,0.4,4,1000044,True,8.0,8,0.0755,0,0
belief,0.4,4,1000044,True,8.0,8,1.0155,7,0
open_loop,0.4,5,1000045,False,5.0,5,0.4587,0,1
reactive,0.4,5,1000045,True,30.0,30,1.0839,3,0
belief,0.4,5,1000045,True,28.0,28,26.322,27,0
open_loop,0.4,6,1000046,False,0.0,0,0.2947,0,1
reactive,0.4,6,1000046,True,22.0,22,0.3351,2,0
belief,0.4,6,1000046,True,22.0,22,13.4952,21,0
open_loop,0.4,7,1000047,False,0.0,0,0.095,0,1
reactive,0.4,7,1000047,True,14.0,14,0.156,1,0
belief,0.4,7,1000047,True,14.0,14,4.4626,13,0
open_loop,0.4,8,1000048,False,11.0,11,0.2336,0,1
reactive,0.4,8,1000048,True,20.0,20,0.4848,2,0
belief,0.4,8,1000048,True,20.0,20,10.1131,19,0
open_loop,0.4,9,1000049,False,4.0,4,0.0494,0,1
reactive,0.4,9,1000049,True,11.0,11,0.1182,0,0
belief,0.4,9,1000049,True,11.0,11,1.7316,10,0
open_loop,0.4,10,1000050,True,13.0,13,0.1575,0,0
reactive,0.4,10,1000050,True,13.0,13,0.1756,0,0
belief,0.4,10,1000050,True,13.0,13,4.187,12,0
open_loop,0.4,11,1000051,False,12.0,12,0.4339,0,1
reactive,0.4,11,1000051,True,28.0,28,0.4656,3,0
belief,0.4,11,1000051,False,1.0,1,2.3528,1,1
open_loop,0.4,12,1000052,False,2.0,2,0.1107,0,1
reactive,0.4,12,1000052,True,9.0,9,0.1022,0,0
belief,0.4,12,1000052,True,9.0,9,1.0936,8,0
open_loop,0.4,13,1000053,False,0.0,0,0.0856,0,1
reactive,0.4,13,1000053,True,21.0,21,0.3182,0,0
belief,0.4,13,1000053,False,0.0,0,1.1872,0,1
open_loop,0.4,14,1000054,False,3.0,3,0.8506,0,1
reactive,0.4,14,1000054,True,33.0,33,0.949,0,0
belief,0.4,14,1000054,True,33.0,33,42.0864,32,0
open_loop,0.4,15,1000055,False,3.0,3,0.1033,0,1
reactive,0.4,15,1000055,True,11.0,11,0.1533,1,0
belief,0.4,15,1000055,True,11.0,11,1.5303,10,0
open_loop,0.4,16,1000056,False,10.0,10,0.236,0,1
reactive,0.4,16,1000056,True,18.0,18,0.4272,2,0
belief,0.4,16,1000056,True,20.0,20,11.428,19,0
open_loop,0.4,17,1000057,False,0.0,0,0.069,0,1
reactive,0.4,17,1000057,True,8.0,8,0.0675,0,0
belief,0.4,17,1000057,True,8.0,8,1.2337,7,0
open_loop,0.4,18,1000058,False,7.0,7,0.2008,0,1
reactive,0.4,18,1000058,True,16.0,16,0.5551,2,0
belief,0.4,18,1000058,True,16.0,16,7.9078,15,0
open_loop,0.4,19,1000059,False,0.0,0,0.1933,0,1
reactive,0.4,19,1000059,True,17.0,17,0.2533,1,0
belief,0.4,19,1000059,True,15.0,15,4.9602,14,0
open_loop,0.5,0,1000050,False,0.0,0,0.1532,0,1
reactive,0.5,0,1000050,True,11.0,11,0.124,0,0
belief,0.5,0,1000050,True,11.0,11,2.485,10,0
open_loop,0.5,1,1000051,False,1.0,1,0.4118,0,1
reactive,0.5,1,1000051,True,22.0,22,0.3087,2,0
belief,0.5,1,1000051,True,22.0,22,8.2709,21,0
open_loop,0.5,2,1000052,False,5.0,5,0.1113,0,1
reactive,0.5,2,1000052,True,14.0,14,0.296,2,0
belief,0.5,2,1000052,True,14.0,14,2.8026,13,0
open_loop,0.5,3,1000053,False,2.0,2,0.0862,0,1
reactive,0.5,3,1000053,True,19.0,19,0.1793,0,0
belief,0.5,3,1000053,True,19.0,19,10.0212,18,0
open_loop,0.5,4,1000054,False,16.0,16,0.8402,0,1
reactive,0.5,4,1000054,True,31.0,31,0.7913,0,0
belief,0.5,4,1000054,True,31.0,31,37.7484,30,0
open_loop,0.5,5,1000055,False,3.0,3,0.1024,0,1
reactive,0.5,5,1000055,True,11.0,11,0.1515,1,0
belief,0.5,5,1000055,True,11.0,11,1.3312,10,0
open_loop,0.5,6,1000056,False,14.0,14,0.2372,0,1
reactive,0.5,6,1000056,True,18.0,18,0.3724,1,0
belief,0.5,6,1000056,True,20.0,20,11.1099,19,0
open_loop,0.5,7,1000057,False,8.0,8,0.0665,0,0
reactive,0.5,7,1000057,True,7.0,7,0.063,0,0
belief,0.5,7,1000057,True,7.0,7,0.5639,6,0
open_loop,0.5,8,1000058,False,7.0,7,0.1993,0,1
reactive,0.5,8,1000058,True,16.0,16,0.3348,1,0
belief,0.5,8,1000058,True,16.0,16,7.9163,15,0
open_loop,0.5,9,1000059,False,2.0,2,0.2007,0,1
reactive,0.5,9,1000059,True,17.0,17,0.2041,1,0
belief,0.5,9,1000059,True,17.0,17,6.0663,16,0
open_loop,0.5,10,1000060,False,0.0,0,0.2713,0,1
reactive,0.5,10,1000060,True,22.0,22,0.2802,2,0
belief,0.5,10,1000060,True,22.0,22,11.4292,21,0
open_loop,0.5,11,1000061,False,4.0,4,0.0814,0,1
reactive,0.5,11,1000061,True,16.0,16,0.1633,0,0
belief,0.5,11,1000061,True,18.0,18,7.0193,17,0
open_loop,0.5,12,1000062,False,3.0,3,0.2649,0,1
reactive,0.5,12,1000062,True,16.0,16,0.328,1,0
belief,0.5,12,1000062,True,16.0,16,6.6974,15,0
open_loop,0.5,13,1000063,False,6.0,6,0.1356,0,1
reactive,0.5,13,1000063,True,11.0,11,0.2058,1,0
belief,0.5,13,1000063,True,11.0,11,1.9638,10,0
open_loop,0.5,14,1000064,False,15.0,15,0.0899,0,0
reactive,0.5,14,1000064,True,18.0,18,0.7207,1,0
belief,0.5,14,1000064,True,18.0,18,9.9567,17,0
open_loop,0.5,15,1000065,False,4.0,4,0.1394,0,1
reactive,0.5,15,1000065,True,16.0,16,0.2693,0,0
belief,0.5,15,1000065,True,16.0,16,7.3197,15,0
open_loop,0.5,16,1000066,False,13.0,13,0.132,0,0
reactive,0.5,16,1000066,True,13.0,13,0.1805,0,0
belief,0.5,16,1000066,True,13.0,13,3.7241,12,0
open_loop,0.5,17,1000067,False,0.0,0,0.2084,0,1
reactive,0.5,17,1000067,True,17.0,17,0.2372,0,0
belief,0.5,17,1000067,True,17.0,17,8.0602,16,0
open_loop,0.5,18,1000068,False,16.0,16,0.4755,0,1
reactive,0.5,18,1000068,True,27.0,27,1.9214,7,0
belief,0.5,18,1000068,True,25.0,25,47.3287,24,0
open_loop,0.5,19,1000069,False,3.0,3,0.3507,0,1
reactive,0.5,19,1000069,True,26.0,26,1.157,3,0
belief,0.5,19,1000069,True,28.0,28,21.6565,27,0
open_loop,0.6,0,1000060,False,0.0,0,0.2737,0,1
reactive,0.6,0,1000060,True,22.0,22,0.283,2,0
belief,0.6,0,1000060,True,22.0,22,11.5699,21,0
open_loop,0.6,1,1000061,False,4.0,4,0.0816,0,1
reactive,0.6,1,1000061,True,16.0,16,0.1646,0,0
belief,0.6,1,1000061,True,18.0,18,7.3506,17,0
open_loop,0.6,2,1000062,False,3.0,3,0.2641,0,1
reactive,0.6,2,1000062,True,16.0,16,0.3315,1,0
belief,0.6,2,1000062,True,16.0,16,6.72,15,0
open_loop,0.6,3,1000063,False,7.0,7,0.1437,0,1
reactive,0.6,3,1000063,True,12.0,12,0.216,1,0
belief,0.6,3,1000063,True,12.0,12,2.5873,11,0
open_loop,0.6,4,1000064,False,15.0,15,0.0898,0,0
reactive,0.6,4,1000064,True,18.0,18,0.4645,1,0
belief,0.6,4,1000064,True,18.0,18,9.9996,17,0
open_loop,0.6,5,1000065,False,10.0,10,0.1412,0,1
reactive,0.6,5,1000065,True,19.0,19,0.397,1,0
belief,0.6,5,1000065,True,19.0,19,9.2837,18,0
open_loop,0.6,6,1000066,False,13.0,13,0.1325,0,0
reactive,0.6,6,1000066,True,13.0,13,0.1854,0,0
belief,0.6,6,1000066,True,13.0,13,3.6912,12,0
open_loop,0.6,7,1000067,False,0.0,0,0.2159,0,1
reactive,0.6,7,1000067,True,17.0,17,0.2349,0,0
belief,0.6,7,1000067,True,17.0,17,7.3006,16,0
open_loop,0.6,8,1000068,False,13.0,13,0.4703,0,1
reactive,0.6,8,1000068,True,27.0,27,1.7897,6,0
belief,0.6,8,1000068,True,27.0,27,27.8673,26,0
open_loop,0.6,9,1000069,False,0.0,0,0.3394,0,1
reactive,0.6,9,1000069,True,24.0,24,0.6294,2,0
belief,0.6,9,1000069,True,26.0,26,17.122,25,0
open_loop,0.6,10,1000070,False,2.0,2,0.0235,0,1
reactive,0.6,10,1000070,True,7.0,7,0.0914,0,0
belief,0.6,10,1000070,True,7.0,7,0.465,6,0
open_loop,0.6,11,1000071,False,1.0,1,0.1745,0,1
reactive,0.6,11,1000071,True,22.0,22,0.2475,2,0
belief,0.6,11,1000071,True,22.0,22,12.0439,21,0
open_loop,0.6,12,1000072,False,3.0,3,0.1425,0,1
reactive,0.6,12,1000072,True,19.0,19,0.1451,0,0
belief,0.6,12,1000072,True,19.0,19,7.9402,18,0
open_loop,0.6,13,1000073,False,1.0,1,0.0318,0,1
reactive,0.6,13,1000073,True,7.0,7,0.0526,0,0
belief,0.6,13,1000073,False,1.0,1,0.275,1,1
open_loop,0.6,14,1000074,False,0.0,0,0.1109,0,1
reactive,0.6,14,1000074,True,27.0,27,0.6171,1,0
belief,0.6,14,1000074,False,0.0,0,1.4172,0,1
open_loop,0.6,15,1000075,False,12.0,12,0.165,0,0
reactive,0.6,15,1000075,True,16.0,16,0.6057,3,0
belief,0.6,15,1000075,True,20.0,20,3.0561,19,0
open_loop,0.6,16,1000076,False,6.0,6,0.2483,0,1
reactive,0.6,16,1000076,True,18.0,18,0.3331,2,0
belief,0.6,16,1000076,True,18.0,18,8.9845,17,0
open_loop,0.6,17,1000077,False,10.0,10,0.6054,0,1
reactive,0.6,17,1000077,True,42.0,42,1.1887,3,0
belief,0.6,17,1000077,True,42.0,42,40.9178,41,0
open_loop,0.6,18,1000078,False,1.0,1,0.0273,0,1
reactive,0.6,18,1000078,True,4.0,4,0.0278,0,0
belief,0.6,18,1000078,True,4.0,4,0.148,3,0
open_loop,0.6,19,1000079,False,0.0,0,0.2127,0,1
reactive,0.6,19,1000079,True,17.0,17,0.4232,3,0
belief,0.6,19,1000079,True,17.0,17,5.6239,16,0
open_loop,0.7,0,1000070,False,2.0,2,0.0233,0,1
reactive,0.7,0,1000070,True,7.0,7,0.0593,0,0
belief,0.7,0,1000070,True,7.0,7,0.4486,6,0
open_loop,0.7,1,1000071,False,1.0,1,0.1739,0,1
reactive,0.7,1,1000071,True,22.0,22,0.2475,2,0
belief,0.7,1,1000071,True,22.0,22,11.6846,21,0
open_loop,0.7,2,1000072,False,3.0,3,0.1422,0,1
reactive,0.7,2,1000072,True,19.0,19,0.1445,0,0
belief,0.7,2,1000072,True,19.0,19,8.001,18,0
open_loop,0.7,3,1000073,False,1.0,1,0.0313,0,1
reactive,0.7,3,1000073,True,7.0,7,0.054,0,0
belief,0.7,3,1000073,False,1.0,1,0.2393,1,1
open_loop,0.7,4,1000074,False,0.0,0,0.1075,0,1
reactive,0.7,4,1000074,True,27.0,27,0.5899,1,0
belief,0.7,4,1000074,False,0.0,0,1.5718,0,1
open_loop,0.7,5,1000075,False,12.0,12,0.1273,0,0
reactive,0.7,5,1000075,True,16.0,16,0.6326,3,0
belief,0.7,5,1000075,True,20.0,20,3.0556,19,0
open_loop,0.7,6,1000076,False,1.0,1,0.4326,0,1
reactive,0.7,6,1000076,True,17.0,17,0.2453,1,0
belief,0.7,6,1000076,True,17.0,17,8.269,16,0
open_loop,0.7,7,1000077,False,10.0,10,0.6099,0,1
reactive,0.7,7,1000077,True,42.0,42,1.1884,3,0
belief,0.7,7,1000077,True,42.0,42,40.0934,41,0
open_loop,0.7,8,1000078,False,1.0,1,0.0273,0,1
reactive,0.7,8,1000078,True,4.0,4,0.0271,0,0
belief,0.7,8,1000078,True,4.0,4,0.1516,3,0
open_loop,0.7,9,1000079,False,0.0,0,0.2137,0,1
reactive,0.7,9,1000079,True,17.0,17,0.4316,3,0
belief,0.7,9,1000079,True,17.0,17,5.6648,16,0
open_loop,0.7,10,1000080,False,0.0,0,0.0703,0,1
reactive,0.7,10,1000080,True,11.0,11,0.1771,1,0
belief,0.7,10,1000080,True,11.0,11,1.9887,10,0
open_loop,0.7,11,1000081,False,0.0,0,0.3848,0,1
reactive,0.7,11,1000081,True,21.0,21,0.6279,1,0
belief,0.7,11,1000081,False,0.0,0,1.3555,0,1
open_loop,0.7,12,1000082,False,0.0,0,0.5012,0,1
reactive,0.7,12,1000082,True,24.0,24,0.6421,1,0
belief,0.7,12,1000082,True,24.0,24,15.8421,23,0
open_loop,0.7,13,1000083,False,20.0,20,0.4271,0,1
reactive,0.7,13,1000083,True,29.0,29,0.9216,2,0
belief,0.7,13,1000083,True,27.0,27,23.5643,26,0
open_loop,0.7,14,1000084,False,0.0,0,0.2988,0,1
reactive,0.7,14,1000084,True,23.0,23,0.5894,2,0
belief,0.7,14,1000084,True,23.0,23,17.0894,22,0
open_loop,0.7,15,1000085,False,3.0,3,0.0167,0,1
reactive,0.7,15,1000085,True,6.0,6,0.0451,0,0
belief,0.7,15,1000085,True,6.0,6,0.356,5,0
open_loop,0.7,16,1000086,False,2.0,2,0.2433,0,1
reactive,0.7,16,1000086,True,25.0,25,0.6027,2,0
belief,0.7,16,1000086,True,27.0,27,15.7534,26,0
open_loop,0.7,17,1000087,False,10.0,10,0.7365,0,1
reactive,0.7,17,1000087,True,35.0,35,2.7755,4,0
belief,0.7,17,1000087,True,33.0,33,34.8506,32,0
open_loop,0.7,18,1000088,False,0.0,0,0.0597,0,1
reactive,0.7,18,1000088,True,9.0,9,0.1753,2,0
belief,0.7,18,1000088,True,9.0,9,0.8263,8,0
open_loop,0.7,19,1000089,False,4.0,4,0.8529,0,1
reactive,0.7,19,1000089,True,43.0,43,3.0786,4,0
belief,0.7,19,1000089,True,39.0,39,54.6382,38,0
open_loop,0.8,0,1000080,False,0.0,0,0.0703,0,1
reactive,0.8,0,1000080,True,11.0,11,0.1762,1,0
belief,0.8,0,1000080,True,11.0,11,2.025,10,0
open_loop,0.8,1,1000081,False,0.0,0,0.3954,0,1
reactive,0.8,1,1000081,True,21.0,21,0.6264,1,0
belief,0.8,1,1000081,False,0.0,0,1.3958,0,1
open_loop,0.8,2,1000082,False,0.0,0,0.5129,0,1
reactive,0.8,2,1000082,True,24.0,24,0.6403,1,0
belief,0.8,2,1000082,True,24.0,24,15.9195,23,0
open_loop,0.8,3,1000083,False,20.0,20,0.422,0,1
reactive,0.8,3,1000083,True,29.0,29,0.9001,2,0
belief,0.8,3,1000083,True,27.0,27,23.8298,26,0
open_loop,0.8,4,1000084,False,0.0,0,0.3038,0,1
reactive,0.8,4,1000084,True,23.0,23,0.598,2,0
belief,0.8,4,1000084,True,23.0,23,17.0485,22,0
open_loop,0.8,5,1000085,False,3.0,3,0.0291,0,1
reactive,0.8,5,1000085,True,6.0,6,0.0444,0,0
belief,0.8,5,1000085,True,6.0,6,0.3523,5,0
open_loop,0.8,6,1000086,False,2.0,2,0.2471,0,1
reactive,0.8,6,1000086,True,25.0,25,0.644,2,0
belief,0.8,6,1000086,True,27.0,27,14.9287,26,0
open_loop,0.8,7,1000087,False,10.0,10,0.7548,0,1
reactive,0.8,7,1000087,True,35.0,35,3.0358,4,0
belief,0.8,7,1000087,True,33.0,33,34.493,32,0
open_loop,0.8,8,1000088,False,0.0,0,0.0601,0,1
reactive,0.8,8,1000088,True,9.0,9,0.177,2,0
belief,0.8,8,1000088,True,9.0,9,0.7738,8,0
open_loop,0.8,9,1000089,False,4.0,4,0.8545,0,1
reactive,0.8,9,1000089,True,43.0,43,3.495,4,0
belief,0.8,9,1000089,True,39.0,39,52.8883,38,0
open_loop,0.8,10,1000090,False,3.0,3,0.4085,0,1
reactive,0.8,10,1000090,True,26.0,26,0.4826,2,0
belief,0.8,10,1000090,True,26.0,26,21.3616,25,0
open_loop,0.8,11,1000091,False,7.0,7,0.1463,0,1
reactive,0.8,11,1000091,True,9.0,9,0.096,0,0
belief,0.8,11,1000091,True,9.0,9,1.1076,8,0
open_loop,0.8,12,1000092,False,0.0,0,0.4176,0,1
reactive,0.8,12,1000092,True,26.0,26,0.7291,2,0
belief,0.8,12,1000092,True,24.0,24,17.8636,23,0
open_loop,0.8,13,1000093,False,4.0,4,0.776,0,1
reactive,0.8,13,1000093,True,28.0,28,0.7361,2,0
belief,0.8,13,1000093,True,32.0,32,28.5373,31,0
open_loop,0.8,14,1000094,True,14.0,14,0.1218,0,0
reactive,0.8,14,1000094,True,14.0,14,0.2806,2,0
belief,0.8,14,1000094,True,14.0,14,4.0568,13,0
open_loop,0.8,15,1000095,False,5.0,5,0.3904,0,1
reactive,0.8,15,1000095,True,28.0,28,1.2007,4,0
belief,0.8,15,1000095,True,24.0,24,16.3897,23,0
open_loop,0.8,16,1000096,False,10.0,10,0.0972,0,0
reactive,0.8,16,1000096,True,9.0,9,0.087,0,0
belief,0.8,16,1000096,True,9.0,9,1.3369,8,0
open_loop,0.8,17,1000097,False,2.0,2,0.1599,0,1
reactive,0.8,17,1000097,True,15.0,15,0.432,2,0
belief,0.8,17,1000097,True,15.0,15,4.8234,14,0
open_loop,0.8,18,1000098,False,10.0,10,0.1578,0,1
reactive,0.8,18,1000098,True,15.0,15,0.3448,2,0
belief,0.8,18,1000098,True,15.0,15,3.4233,14,0
open_loop,0.8,19,1000099,False,3.0,3,0.0227,0,0
reactive,0.8,19,1000099,True,3.0,3,0.0242,0,0
belief,0.8,19,1000099,True,3.0,3,0.0841,2,0
open_loop,0.9,0,1000090,False,11.0,11,0.4158,0,1
reactive,0.9,0,1000090,True,23.0,23,0.3989,2,0
belief,0.9,0,1000090,True,23.0,23,16.9663,22,0
open_loop,0.9,1,1000091,False,0.0,0,0.1456,0,1
reactive,0.9,1,1000091,True,12.0,12,0.1425,0,0
belief,0.9,1,1000091,True,12.0,12,2.4077,11,0
open_loop,0.9,2,1000092,False,11.0,11,0.4208,0,1
reactive,0.9,2,1000092,True,29.0,29,0.9439,2,0
belief,0.9,2,1000092,True,27.0,27,23.6006,26,0
open_loop,0.9,3,1000093,False,26.0,26,0.793,0,1
reactive,0.9,3,1000093,True,31.0,31,0.8135,2,0
belief,0.9,3,1000093,True,37.0,37,33.8228,36,0
open_loop,0.9,4,1000094,True,14.0,14,0.1212,0,0
reactive,0.9,4,1000094,True,14.0,14,0.2787,2,0
belief,0.9,4,1000094,True,14.0,14,4.2603,13,0
open_loop,0.9,5,1000095,False,3.0,3,0.3988,0,1
reactive,0.9,5,1000095,True,26.0,26,0.6358,3,0
belief,0.9,5,1000095,True,22.0,22,11.977,21,0
open_loop,0.9,6,1000096,False,1.0,1,0.0866,0,1
reactive,0.9,6,1000096,True,10.0,10,0.1955,1,0
belief,0.9,6,1000096,True,10.0,10,1.3795,9,0
open_loop,0.9,7,1000097,False,2.0,2,0.1594,0,1
reactive,0.9,7,1000097,True,15.0,15,0.2488,1,0
belief,0.9,7,1000097,True,15.0,15,5.1128,14,0
open_loop,0.9,8,1000098,False,0.0,0,0.1822,0,1
reactive,0.9,8,1000098,True,13.0,13,0.3471,2,0
belief,0.9,8,1000098,True,13.0,13,2.1034,12,0
open_loop,0.9,9,1000099,False,3.0,3,0.0229,0,0
reactive,0.9,9,1000099,True,4.0,4,0.0333,0,0
belief,0.9,9,1000099,True,4.0,4,0.1609,3,0
open_loop,0.9,10,1000100,False,8.0,8,0.0542,0,0
reactive,0.9,10,1000100,True,9.0,9,0.1023,0,0
belief,0.9,10,1000100,True,9.0,9,1.0216,8,0
open_loop,0.9,11,1000101,False,6.0,6,0.0472,0,0
reactive,0.9,11,1000101,True,9.0,9,0.1331,1,0
belief,0.9,11,1000101,False,1.0,1,0.4746,1,1
open_loop,0.9,12,1000102,False,11.0,11,0.1265,0,0
reactive,0.9,12,1000102,True,7.0,7,0.0585,0,0
belief,0.9,12,1000102,True,7.0,7,0.8457,6,0
open_loop,0.9,13,1000103,False,8.0,8,0.1425,0,1
reactive,0.9,13,1000103,True,15.0,15,0.16,0,0
belief,0.9,13,1000103,True,15.0,15,5.5712,14,0
open_loop,0.9,14,1000104,False,2.0,2,0.3269,0,1
reactive,0.9,14,1000104,True,18.0,18,0.6742,3,0
belief,0.9,14,1000104,True,18.0,18,10.143,17,0
open_loop,0.9,15,1000105,False,1.0,1,0.2028,0,1
reactive,0.9,15,1000105,True,15.0,15,0.2288,1,0
belief,0.9,15,1000105,True,15.0,15,5.5137,14,0
open_loop,0.9,16,1000106,False,4.0,4,0.3657,0,1
reactive,0.9,16,1000106,True,27.0,27,0.6917,1,0
belief,0.9,16,1000106,True,27.0,27,22.5109,26,0
open_loop,0.9,17,1000107,False,8.0,8,0.0864,0,0
reactive,0.9,17,1000107,True,2.0,2,0.0173,0,0
belief,0.9,17,1000107,True,2.0,2,0.0325,1,0
open_loop,0.9,18,1000108,False,14.0,14,0.1158,0,0
reactive,0.9,18,1000108,True,18.0,18,0.5176,1,0
belief,0.9,18,1000108,True,18.0,18,9.786,17,0
open_loop,0.9,19,1000109,False,13.0,13,0.109,0,1
reactive,0.9,19,1000109,True,19.0,19,0.3295,2,0
belief,0.9,19,1000109,True,19.0,19,6.7399,18,0
open_loop,1.0,0,1000100,False,8.0,8,0.053,0,0
reactive,1.0,0,1000100,True,9.0,9,0.1014,0,0
belief,1.0,0,1000100,True,9.0,9,0.9309,8,0
open_loop,1.0,1,1000101,False,6.0,6,0.0471,0,0
reactive,1.0,1,1000101,True,9.0,9,0.1187,1,0
belief,1.0,1,1000101,False,1.0,1,0.456,1,1
open_loop,1.0,2,1000102,False,11.0,11,0.1243,0,0
reactive,1.0,2,1000102,True,7.0,7,0.0565,0,0
belief,1.0,2,1000102,True,7.0,7,0.6911,6,0
open_loop,1.0,3,1000103,False,8.0,8,0.1355,0,1
reactive,1.0,3,1000103,True,15.0,15,0.1504,0,0
belief,1.0,3,1000103,True,15.0,15,5.6419,14,0
open_loop,1.0,4,1000104,False,2.0,2,0.3257,0,1
reactive,1.0,4,1000104,True,18.0,18,0.6474,3,0
belief,1.0,4,1000104,True,18.0,18,10.0854,17,0
open_loop,1.0,5,1000105,False,1.0,1,0.2061,0,1
reactive,1.0,5,1000105,True,15.0,15,0.2292,1,0
belief,1.0,5,1000105,True,15.0,15,5.4101,14,0
open_loop,1.0,6,1000106,False,3.0,3,0.3737,0,1
reactive,1.0,6,1000106,True,26.0,26,0.6495,1,0
belief,1.0,6,1000106,True,26.0,26,22.0124,25,0
open_loop,1.0,7,1000107,False,8.0,8,0.0805,0,0
reactive,1.0,7,1000107,True,2.0,2,0.0165,0,0
belief,1.0,7,1000107,True,2.0,2,0.0394,1,0
open_loop,1.0,8,1000108,False,14.0,14,0.1174,0,0
reactive,1.0,8,1000108,True,18.0,18,0.3464,1,0
belief,1.0,8,1000108,True,18.0,18,9.9252,17,0
open_loop,1.0,9,1000109,False,13.0,13,0.1093,0,1
reactive,1.0,9,1000109,True,19.0,19,0.348,2,0
belief,1.0,9,1000109,True,19.0,19,6.7322,18,0
open_loop,1.0,10,1000110,False,2.0,2,0.0153,0,0
reactive,1.0,10,1000110,True,1.0,1,0.0075,0,0
belief,1.0,10,1000110,True,1.0,1,0.0075,0,0
open_loop,1.0,11,1000111,False,5.0,5,0.3534,0,1
reactive,1.0,11,1000111,True,31.0,31,1.5619,3,0
belief,1.0,11,1000111,True,27.0,27,26.7157,26,0
open_loop,1.0,12,1000112,False,1.0,1,0.1383,0,1
reactive,1.0,12,1000112,True,12.0,12,0.2596,1,0
belief,1.0,12,1000112,True,12.0,12,2.232,11,0
open_loop,1.0,13,1000113,False,5.0,5,0.2321,0,1
reactive,1.0,13,1000113,True,26.0,26,0.5137,2,0
belief,1.0,13,1000113,True,26.0,26,23.8844,25,0
open_loop,1.0,14,1000114,False,4.0,4,0.0942,0,1
reactive,1.0,14,1000114,True,18.0,18,0.7851,3,0
belief,1.0,14,1000114,True,18.0,18,9.6334,17,0
open_loop,1.0,15,1000115,False,0.0,0,0.4527,0,1
reactive,1.0,15,1000115,True,25.0,25,0.6965,3,0
belief,1.0,15,1000115,True,25.0,25,14.8559,24,0
open_loop,1.0,16,1000116,False,5.0,5,0.053,0,1
reactive,1.0,16,1000116,True,10.0,10,0.2115,2,0
belief,1.0,16,1000116,True,10.0,10,0.9855,9,0
open_loop,1.0,17,1000117,False,19.0,19,0.373,0,1
reactive,1.0,17,1000117,True,23.0,23,0.6233,1,0
belief,1.0,17,1000117,True,23.0,23,13.2846,22,0
open_loop,1.0,18,1000118,False,3.0,3,0.4121,0,1
reactive,1.0,18,1000118,True,27.0,27,1.0084,4,0
belief,1.0,18,1000118,True,25.0,25,23.32,24,0
open_loop,1.0,19,1000119,False,9.0,9,0.0718,0,1
reactive,1.0,19,1000119,True,8.0,8,0.0616,0,0
belief,1.0,19,1000119,True,8.0,8,0.9693,7,0
